{
  "('arb_Arab', 'zho_Hant')": {
    "baseline": {
      "deletion_rate": 0.55,
      "mean_prob": 0.018487998358024678
    },
    "condition_A_source": {
      "deletion_rate": 0.35,
      "mean_prob": 0.021164680690093453
    },
    "condition_B_target": {
      "deletion_rate": 0.5,
      "mean_prob": 0.02299247727341488
    },
    "condition_C_english": {
      "deletion_rate": 0.5,
      "mean_prob": 0.022968063443490595
    },
    "condition_D_random": {
      "deletion_rate": 0.5,
      "mean_prob": 0.02109497285572012
    },
    "pivot_index": 1.1764705882352942,
    "pivot_index_continuous": 1.2477271937184728,
    "interpretation": "STRONG pivot evidence: English vector deletion rate (0.50) is 1.18x the mean of source/target vectors. Concept appears to route through English."
  },
  "('arb_Arab', 'spa_Latn')": {
    "baseline": {
      "deletion_rate": 0.0,
      "mean_prob": 0.08796050057163138
    },
    "condition_A_source": {
      "deletion_rate": 0.0,
      "mean_prob": 0.08315071404662047
    },
    "condition_B_target": {
      "deletion_rate": 0.0,
      "mean_prob": 0.08287867035259491
    },
    "condition_C_english": {
      "deletion_rate": 0.0,
      "mean_prob": 0.08279983131921498
    },
    "condition_D_random": {
      "deletion_rate": 0.0,
      "mean_prob": 0.0882777528978432
    },
    "pivot_index": NaN,
    "pivot_index_continuous": 1.0434430257363165,
    "interpretation": "Pivot index undefined (no ablation effect in conditions A/B)."
  },
  "('zho_Hant', 'arb_Arab')": {
    "baseline": {
      "deletion_rate": 0.09999999999999998,
      "mean_prob": 0.08644767620812056
    },
    "condition_A_source": {
      "deletion_rate": 0.09999999999999998,
      "mean_prob": 0.08444520981966232
    },
    "condition_B_target": {
      "deletion_rate": 0.09999999999999998,
      "mean_prob": 0.08335216041861837
    },
    "condition_C_english": {
      "deletion_rate": 0.09999999999999998,
      "mean_prob": 0.08480283767805231
    },
    "condition_D_random": {
      "deletion_rate": 0.09999999999999998,
      "mean_prob": 0.08437350620924836
    },
    "pivot_index": 1.0,
    "pivot_index_continuous": 0.6452900275639265,
    "interpretation": "STRONG pivot evidence: English vector deletion rate (0.10) is 1.00x the mean of source/target vectors. Concept appears to route through English."
  },
  "('zho_Hant', 'spa_Latn')": {
    "baseline": {
      "deletion_rate": 0.0,
      "mean_prob": 0.07316178974276001
    },
    "condition_A_source": {
      "deletion_rate": 0.0,
      "mean_prob": 0.06808916027603348
    },
    "condition_B_target": {
      "deletion_rate": 0.0,
      "mean_prob": 0.06816199317149958
    },
    "condition_C_english": {
      "deletion_rate": 0.0,
      "mean_prob": 0.06793710853116797
    },
    "condition_D_random": {
      "deletion_rate": 0.0,
      "mean_prob": 0.07419826674668413
    },
    "pivot_index": NaN,
    "pivot_index_continuous": 1.0374226014443355,
    "interpretation": "Pivot index undefined (no ablation effect in conditions A/B)."
  },
  "('spa_Latn', 'arb_Arab')": {
    "baseline": {
      "deletion_rate": 0.09999999999999998,
      "mean_prob": 0.08838978136732403
    },
    "condition_A_source": {
      "deletion_rate": 0.09999999999999998,
      "mean_prob": 0.12225185933155766
    },
    "condition_B_target": {
      "deletion_rate": 0.09999999999999998,
      "mean_prob": 0.1183792501467793
    },
    "condition_C_english": {
      "deletion_rate": 0.09999999999999998,
      "mean_prob": 0.12150097189147824
    },
    "condition_D_random": {
      "deletion_rate": 0.09999999999999998,
      "mean_prob": 0.08428901907373584
    },
    "pivot_index": 1.0,
    "pivot_index_continuous": 1.0371304130522703,
    "interpretation": "STRONG pivot evidence: English vector deletion rate (0.10) is 1.00x the mean of source/target vectors. Concept appears to route through English."
  },
  "('spa_Latn', 'zho_Hant')": {
    "baseline": {
      "deletion_rate": 0.5,
      "mean_prob": 0.02253685365272281
    },
    "condition_A_source": {
      "deletion_rate": 0.4,
      "mean_prob": 0.01905093795140268
    },
    "condition_B_target": {
      "deletion_rate": 0.6,
      "mean_prob": 0.020871155192529394
    },
    "condition_C_english": {
      "deletion_rate": 0.6,
      "mean_prob": 0.020838841465834906
    },
    "condition_D_random": {
      "deletion_rate": 0.5,
      "mean_prob": 0.020539322785591528
    },
    "pivot_index": 1.2,
    "pivot_index_continuous": 0.6592155909397637,
    "interpretation": "STRONG pivot evidence: English vector deletion rate (0.60) is 1.20x the mean of source/target vectors. Concept appears to route through English."
  }
}