{
  "n_sentences_per_lang": {
    "eng_Latn": 100,
    "arb_Arab": 100,
    "zho_Hant": 100,
    "spa_Latn": 100
  },
  "panel_layers": [
    0,
    8,
    16,
    23
  ],
  "cka_by_pair_by_layer": {
    "('eng_Latn', 'arb_Arab')": {
      "0": 0.7400552018685833,
      "1": 0.7439296069354554,
      "2": 0.733123880900917,
      "3": 0.7261440594944757,
      "4": 0.7269761050424496,
      "5": 0.7341332078581015,
      "6": 0.7467144338885152,
      "7": 0.7533392023944504,
      "8": 0.7523123758875652,
      "9": 0.759956517457848,
      "10": 0.7661893622186328,
      "11": 0.7620499105461471,
      "12": 0.7556247291466673,
      "13": 0.7460120712888688,
      "14": 0.732443736948552,
      "15": 0.7202900524245577,
      "16": 0.6960947602526595,
      "17": 0.6819024639664799,
      "18": 0.6725690637663456,
      "19": 0.6733494499680868,
      "20": 0.7002635530204016,
      "21": 0.7309181412037866,
      "22": 0.7230419393768853,
      "23": 0.6408862591990081
    },
    "('eng_Latn', 'zho_Hant')": {
      "0": 0.6994018088674268,
      "1": 0.6866250316324622,
      "2": 0.6909977408260062,
      "3": 0.6803199916035997,
      "4": 0.6783252795393354,
      "5": 0.669818095062187,
      "6": 0.6712645066599637,
      "7": 0.6682117316872312,
      "8": 0.662126468661454,
      "9": 0.6299850700085831,
      "10": 0.5998070346258103,
      "11": 0.5696325229502608,
      "12": 0.5582627444888542,
      "13": 0.5381866804250462,
      "14": 0.5265156006557493,
      "15": 0.513845827579338,
      "16": 0.5037743958166059,
      "17": 0.4941189528304417,
      "18": 0.48426377105476837,
      "19": 0.4779882898010981,
      "20": 0.48504142511395004,
      "21": 0.49140844998511235,
      "22": 0.4483725453925927,
      "23": 0.359831373092107
    },
    "('eng_Latn', 'spa_Latn')": {
      "0": 0.7841952863189443,
      "1": 0.7901900152117224,
      "2": 0.7864327483066328,
      "3": 0.7809691251805579,
      "4": 0.7803128582868932,
      "5": 0.7804354801867665,
      "6": 0.7903250579850619,
      "7": 0.793621277720443,
      "8": 0.8051440825605994,
      "9": 0.8090544196391773,
      "10": 0.8143875047524736,
      "11": 0.8133867661597114,
      "12": 0.8117378064329287,
      "13": 0.807802468954603,
      "14": 0.797690640927182,
      "15": 0.7936155685212808,
      "16": 0.7857270209685573,
      "17": 0.7775926606770186,
      "18": 0.7718089586292798,
      "19": 0.7686397237429154,
      "20": 0.775617651285992,
      "21": 0.7897500369216719,
      "22": 0.8064485289672325,
      "23": 0.8131114398497528
    },
    "('arb_Arab', 'zho_Hant')": {
      "0": 0.6687724652038901,
      "1": 0.6444560730219228,
      "2": 0.6480862643542046,
      "3": 0.6348310699990312,
      "4": 0.6349543954471751,
      "5": 0.6331294137416676,
      "6": 0.638672274200032,
      "7": 0.6566407146455702,
      "8": 0.6519219004997232,
      "9": 0.631527744139687,
      "10": 0.6085638915834469,
      "11": 0.574569057576653,
      "12": 0.555069128741999,
      "13": 0.5316381630811435,
      "14": 0.5064834165304113,
      "15": 0.4881693703242324,
      "16": 0.46958942727205194,
      "17": 0.4532300204956583,
      "18": 0.44121166856280514,
      "19": 0.4292281743578249,
      "20": 0.4303679196012855,
      "21": 0.43844105423673746,
      "22": 0.42003959859433,
      "23": 0.36493061168579616
    },
    "('arb_Arab', 'spa_Latn')": {
      "0": 0.7479642524116299,
      "1": 0.7559409266095787,
      "2": 0.7469791779029149,
      "3": 0.7206882203238265,
      "4": 0.7067571574863633,
      "5": 0.6965488707072535,
      "6": 0.6991791630757864,
      "7": 0.7034904333992092,
      "8": 0.7180571664307039,
      "9": 0.7304883384439875,
      "10": 0.750792267635802,
      "11": 0.7572417926140784,
      "12": 0.7611710707400828,
      "13": 0.7569094925135723,
      "14": 0.7535343101086287,
      "15": 0.7470951228892053,
      "16": 0.7293228701637662,
      "17": 0.722209047769016,
      "18": 0.718107868895635,
      "19": 0.7206061642340036,
      "20": 0.7426987947849127,
      "21": 0.7686994861251151,
      "22": 0.7649163126185514,
      "23": 0.6911965367083162
    },
    "('zho_Hant', 'spa_Latn')": {
      "0": 0.6773155021414016,
      "1": 0.6689955938456589,
      "2": 0.6627987294082441,
      "3": 0.6206596111046633,
      "4": 0.6102140272183969,
      "5": 0.6006545139069626,
      "6": 0.6048276202856973,
      "7": 0.6229505390740672,
      "8": 0.6347660824141811,
      "9": 0.6192917187850725,
      "10": 0.6049070009596171,
      "11": 0.5714052227712122,
      "12": 0.555513515200913,
      "13": 0.5304231186391813,
      "14": 0.5104322928840395,
      "15": 0.49435104698820487,
      "16": 0.477612720052896,
      "17": 0.46657680887358854,
      "18": 0.45734910336265344,
      "19": 0.44935489827439395,
      "20": 0.4581860721002698,
      "21": 0.4695682232961292,
      "22": 0.452977529333968,
      "23": 0.40985370764510515
    }
  },
  "english_centricity": {
    "0": 1.5023952273334922,
    "1": 1.5550239014420506,
    "2": 1.6985536745251957,
    "3": 1.812688024031613,
    "4": 1.9405106386629458,
    "5": 1.9745646696457904,
    "6": 2.040800534160877,
    "7": 2.103331291462939,
    "8": 2.162645833451513,
    "9": 2.152417537015416,
    "10": 2.220189579709409,
    "11": 2.290497603171366,
    "12": 2.3872881463770366,
    "13": 2.433604242222237,
    "14": 2.483856575278657,
    "15": 2.4987783885962846,
    "16": 2.5033473244303095,
    "17": 2.5391109400529044,
    "18": 2.572453075692783,
    "19": 2.601927586619613,
    "20": 2.6311519163814787,
    "21": 2.659011076309317,
    "22": 2.570006732882319,
    "23": 2.2990850140881216
  },
  "silhouette_by_layer": {
    "0": 0.5728387236595154,
    "1": 0.5777326822280884,
    "2": 0.5946667790412903,
    "3": 0.6134561896324158,
    "4": 0.6166746616363525,
    "5": 0.5868852734565735,
    "6": 0.5453676581382751,
    "7": 0.4789915978908539,
    "8": 0.4100968837738037,
    "9": 0.3638930916786194,
    "10": 0.3048345148563385,
    "11": 0.26367712020874023,
    "12": 0.22804047167301178,
    "13": 0.20349861681461334,
    "14": 0.18297268450260162,
    "15": 0.1645640879869461,
    "16": 0.15258312225341797,
    "17": 0.13836205005645752,
    "18": 0.12781411409378052,
    "19": 0.11523059755563736,
    "20": 0.11286506801843643,
    "21": 0.11042509227991104,
    "22": 0.11118533462285995,
    "23": 0.0925135537981987
  }
}