{
  "n_sentences_per_lang": {
    "eng_Latn": 4,
    "arb_Arab": 4,
    "zho_Hant": 4,
    "spa_Latn": 4
  },
  "panel_layers": [
    0,
    8,
    16,
    23
  ],
  "cka_by_pair_by_layer": {
    "('eng_Latn', 'arb_Arab')": {
      "0": 0.9393010709316028,
      "1": 0.9366576534773591,
      "2": 0.9459752420947998,
      "3": 0.9521030727329216,
      "4": 0.9539158470179875,
      "5": 0.9618170965090802,
      "6": 0.9552530321896452,
      "7": 0.9401480942083964,
      "8": 0.9280582561344894,
      "9": 0.920319350336214,
      "10": 0.9185975770472353,
      "11": 0.9019881009199303,
      "12": 0.8940825543494614,
      "13": 0.8879550047379065,
      "14": 0.8734266883342748,
      "15": 0.8724472312341971,
      "16": 0.8707113952428203,
      "17": 0.8712468580355734,
      "18": 0.8727319424434447,
      "19": 0.8720339114936646,
      "20": 0.8679352026546465,
      "21": 0.8606363993609958,
      "22": 0.838358258638613,
      "23": 0.8196766171727399
    },
    "('eng_Latn', 'zho_Hant')": {
      "0": 0.860929178535327,
      "1": 0.8563686100161472,
      "2": 0.8418031212342916,
      "3": 0.8570806485351833,
      "4": 0.8708602754662651,
      "5": 0.8884595411824092,
      "6": 0.917355515970424,
      "7": 0.9417430504765333,
      "8": 0.9519575850772225,
      "9": 0.961107623894894,
      "10": 0.9592641789152824,
      "11": 0.9560735241656954,
      "12": 0.9371653897263615,
      "13": 0.9003477739438861,
      "14": 0.868196680197771,
      "15": 0.8409292074507629,
      "16": 0.8161921312315277,
      "17": 0.8078819158009403,
      "18": 0.7912292162744029,
      "19": 0.7789050064368888,
      "20": 0.7683736056773867,
      "21": 0.777777698287437,
      "22": 0.8045079527266558,
      "23": 0.8346028335021544
    },
    "('eng_Latn', 'spa_Latn')": {
      "0": 0.9886304147561142,
      "1": 0.9847747402857547,
      "2": 0.9747636731854831,
      "3": 0.9748012696168775,
      "4": 0.9842684223041861,
      "5": 0.9828179275649631,
      "6": 0.9729992149772707,
      "7": 0.9490343720640848,
      "8": 0.9393133846266486,
      "9": 0.9202423256433216,
      "10": 0.9180467733938289,
      "11": 0.9096841443772482,
      "12": 0.8993885615310181,
      "13": 0.8938974325557003,
      "14": 0.900214350314789,
      "15": 0.9044158781434912,
      "16": 0.9028397142302853,
      "17": 0.9178842706662032,
      "18": 0.9304537880414788,
      "19": 0.938855331829783,
      "20": 0.9502923186213613,
      "21": 0.9604128405966117,
      "22": 0.9696044600436021,
      "23": 0.977394773557173
    },
    "('arb_Arab', 'zho_Hant')": {
      "0": 0.8176228997035447,
      "1": 0.8142846252257673,
      "2": 0.807721212541637,
      "3": 0.8158608359340819,
      "4": 0.8243519967611402,
      "5": 0.8288029350431648,
      "6": 0.8314956940356415,
      "7": 0.8275793336821691,
      "8": 0.828406576974993,
      "9": 0.8373470364748691,
      "10": 0.8298600649118757,
      "11": 0.8256352438990756,
      "12": 0.8110814434267429,
      "13": 0.778264345268888,
      "14": 0.7309369245278131,
      "15": 0.6879155983354018,
      "16": 0.645688257258497,
      "17": 0.6154856742093802,
      "18": 0.5742449315210834,
      "19": 0.5523905726462504,
      "20": 0.5266324252533467,
      "21": 0.5295667013395606,
      "22": 0.5666474389214161,
      "23": 0.6159171252419153
    },
    "('arb_Arab', 'spa_Latn')": {
      "0": 0.9594617529994295,
      "1": 0.9592281453507859,
      "2": 0.9630553439045514,
      "3": 0.9539809743348534,
      "4": 0.9500066192673694,
      "5": 0.9543069450617762,
      "6": 0.9576683357520748,
      "7": 0.9633051381970408,
      "8": 0.964061064241602,
      "9": 0.9687827293108008,
      "10": 0.9631087276486898,
      "11": 0.9622607782222591,
      "12": 0.9589503556887785,
      "13": 0.9537058533449596,
      "14": 0.945046881938,
      "15": 0.9434358954889047,
      "16": 0.9390372720421866,
      "17": 0.9343678055283503,
      "18": 0.9347995139325201,
      "19": 0.9352173761535684,
      "20": 0.9381229620244308,
      "21": 0.9361316883556418,
      "22": 0.9284106039656235,
      "23": 0.9076209958152257
    },
    "('zho_Hant', 'spa_Latn')": {
      "0": 0.8418339430971341,
      "1": 0.8406084439336367,
      "2": 0.8356357856074156,
      "3": 0.8172485721589731,
      "4": 0.8298371596342451,
      "5": 0.8396488096134661,
      "6": 0.8392488562735362,
      "7": 0.840104717506229,
      "8": 0.8488824016409043,
      "9": 0.8466933135062022,
      "10": 0.8550259016688525,
      "11": 0.8674705109930375,
      "12": 0.87978313380688,
      "13": 0.8811240687962727,
      "14": 0.8638135198858947,
      "15": 0.8419577810973007,
      "16": 0.8202827462446914,
      "17": 0.8070188172665476,
      "18": 0.7788102126709522,
      "19": 0.7610318438006904,
      "20": 0.7328694742116129,
      "21": 0.7375752515397673,
      "22": 0.7533082989808908,
      "23": 0.7776989056183571
    }
  },
  "english_centricity": {
    "0": 1.6632729127927004,
    "1": 1.7081704895737697,
    "2": 1.82291600162369,
    "3": 1.8951552880090305,
    "4": 2.01648892538177,
    "5": 2.063023486741253,
    "6": 2.1595474009440627,
    "7": 2.207641283732369,
    "8": 2.2043931900683957,
    "9": 2.151054941262192,
    "10": 2.1183053611092264,
    "11": 2.0493079148192668,
    "12": 2.0526592411358835,
    "13": 2.0296390638079336,
    "14": 1.998127447263965,
    "15": 1.9714052469006718,
    "16": 1.9414828371061175,
    "17": 1.9522043588511508,
    "18": 1.9647577665176599,
    "19": 1.9911357761114123,
    "20": 2.101425589941165,
    "21": 2.244817886537013,
    "22": 2.458191199560825,
    "23": 2.5705880938402146
  },
  "silhouette_by_layer": {
    "0": 0.44118696451187134,
    "1": 0.46391376852989197,
    "2": 0.5082724094390869,
    "3": 0.532588005065918,
    "4": 0.5556545853614807,
    "5": 0.5331842303276062,
    "6": 0.49843931198120117,
    "7": 0.4419451951980591,
    "8": 0.38268160820007324,
    "9": 0.3341977298259735,
    "10": 0.27936068177223206,
    "11": 0.25752395391464233,
    "12": 0.22119274735450745,
    "13": 0.1865963637828827,
    "14": 0.163241446018219,
    "15": 0.14921258389949799,
    "16": 0.13154438138008118,
    "17": 0.10864894837141037,
    "18": 0.09836013615131378,
    "19": 0.07528974860906601,
    "20": 0.06254124641418457,
    "21": 0.05428168177604675,
    "22": 0.055728647857904434,
    "23": 0.06797199696302414
  }
}