{
  "cka_by_pair_by_layer": {
    "('eng_Latn', 'arb_Arab')": {
      "0": 0.9332839682332891,
      "1": 0.9627163822632396,
      "2": 0.967307718866083,
      "3": 0.9745671163406554,
      "4": 0.9769075011424957,
      "5": 0.95759584872461,
      "6": 0.9389779684185452,
      "7": 0.9144848705627338,
      "8": 0.8948679107513997,
      "9": 0.8575120322911292,
      "10": 0.8160256165618831,
      "11": 0.760589695610479
    },
    "('eng_Latn', 'zho_Hant')": {
      "0": 0.9477780011132618,
      "1": 0.8304383845797828,
      "2": 0.7646228599090497,
      "3": 0.7509800668812391,
      "4": 0.7718342136397462,
      "5": 0.8282545364548809,
      "6": 0.8681139673634352,
      "7": 0.904872038914541,
      "8": 0.9270045178677943,
      "9": 0.9401030454814935,
      "10": 0.948000704905596,
      "11": 0.952662104162163
    },
    "('eng_Latn', 'spa_Latn')": {
      "0": 0.9882170289185328,
      "1": 0.9943528569064572,
      "2": 0.9957974316183894,
      "3": 0.9837020483005631,
      "4": 0.9735128008628275,
      "5": 0.966140532225543,
      "6": 0.9631587519536864,
      "7": 0.9522597118092319,
      "8": 0.9549998348342906,
      "9": 0.9537519235544502,
      "10": 0.9554816836562515,
      "11": 0.9444316735229988
    },
    "('arb_Arab', 'zho_Hant')": {
      "0": 0.9321865045453471,
      "1": 0.8539057001849936,
      "2": 0.8062603038968029,
      "3": 0.7714099225170576,
      "4": 0.7530605362740717,
      "5": 0.771989381075363,
      "6": 0.7827789925721061,
      "7": 0.7656361936023891,
      "8": 0.7419919941329858,
      "9": 0.6491977390718898,
      "10": 0.6150935900282819,
      "11": 0.621177350463593
    },
    "('arb_Arab', 'spa_Latn')": {
      "0": 0.9574614585616434,
      "1": 0.964797817518601,
      "2": 0.9598118634375636,
      "3": 0.939266563283192,
      "4": 0.9390088725652224,
      "5": 0.9325472965314197,
      "6": 0.9304071498470923,
      "7": 0.9316943712158902,
      "8": 0.9390186000287221,
      "9": 0.951894714614476,
      "10": 0.9350022024515653,
      "11": 0.8827000628910995
    },
    "('zho_Hant', 'spa_Latn')": {
      "0": 0.9458585419796606,
      "1": 0.8088212773047969,
      "2": 0.7305296678368522,
      "3": 0.6563114135770283,
      "4": 0.6439721810333012,
      "5": 0.6768679920073184,
      "6": 0.7169741493387476,
      "7": 0.7463842508721847,
      "8": 0.7872416159070503,
      "9": 0.8060234681594673,
      "10": 0.8257147579714486,
      "11": 0.8155580368815418
    }
  },
  "english_centricity": {
    "0": 1.5600564070243734,
    "1": 1.6672964298596926,
    "2": 1.7590093087382936,
    "3": 1.778733476714678,
    "4": 1.8863210039115113,
    "5": 1.8313706416161077,
    "6": 1.8570485044056952,
    "7": 1.9442215349611918,
    "8": 2.023996431230829,
    "9": 2.144961343847707,
    "10": 2.381262040907697,
    "11": 2.8115138298764015
  },
  "silhouette_by_layer": {
    "0": 0.41294586658477783,
    "1": 0.4350353479385376,
    "2": 0.49611160159111023,
    "3": 0.5178707838058472,
    "4": 0.4995526075363159,
    "5": 0.42237746715545654,
    "6": 0.32087501883506775,
    "7": 0.2572248578071594,
    "8": 0.2320714145898819,
    "9": 0.15997985005378723,
    "10": 0.15133468806743622,
    "11": 0.1532520353794098
  }
}